[
  {
    "id": 1,
    "sapId": 51898957,
    "name": "Mohuya",
    "email": "mohuya.banerjee@hcl.com",
    "gender": "female",
    "contact": 9563011118,
    "rm": "Vipin Kumar Mangalam"
  },
  {
    "id": 2,
    "sapId": 51870046,
    "name": "Vipin Kumar Mangalam",
    "email": "vipinkumar.mangalam@hcl.com",
    "gender": "male",
    "contact": 9844441689,
    "rm": "Vinesh Manik"
  },
  {
    "id": 3,
    "name": "Ravindra Kumar",
    "sapId": 52078333,
    "email": "ravindra.k@hcl.com",
    "gender": "male",
    "contact": 7903273700,
    "rm": "Vipin Kumar Mangalam"
  },
  {
    "id": 4,
    "name": "Basavaraja Hiruru",
    "sapId": 52078333,
    "email": "basavaraja.hiruru@hcl.com",
    "gender": "male",
    "contact": 9513140691,
    "rm": "Vipin Kumar Mangalam"
  },
  {
    "id": 5,
    "name": "Arindam Maji",
    "sapId": 52022131,
    "email": "arindam.maji@hcl.com",
    "gender": "male",
    "contact": 7908582628,
    "rm": "Vipin Kumar Mangalam"
  }
]
